,Año,Trimestre,Provincia,Hasta 512 kbps,Entre 512 Kbps y 1 Mbps,Entre 1 Mbps y 6 Mbps,Entre 6 Mbps y 10 Mbps,Entre 10 Mbps y 20 Mbps,Entre 20 Mbps y 30 Mbps,Más de 30 Mbps,OTROS,Total
0,2022,4,Buenos Aires,28934,23347,259866,281550,244555,98670,3760109,97634.0,4794665
1,2022,4,Capital Federal,516,5096,31320,64653,36336,8116,1299117,106772.0,1551926
2,2022,4,Catamarca,71,315,2716,5028,4638,3122,52739,2280.0,70909
3,2022,4,Chaco,461,771,16067,17846,6704,3039,94866,3909.0,143663
4,2022,4,Chubut,109,1614,46457,31007,34728,15770,19048,20026.0,168759
5,2022,4,Córdoba,99,9929,143686,108195,63120,20691,686330,17610.0,1049660
6,2022,4,Corrientes,67,3282,22647,24858,7025,3770,85806,7998.0,155453
7,2022,4,Entre Ríos,107,4722,45629,46700,20927,22483,130406,0.0,270974
8,2022,4,Formosa,84,245,22458,12391,6724,310,18930,698.0,61840
9,2022,4,Jujuy,58,1763,18652,14070,36430,335,46910,0.0,118218
10,2022,4,La Pampa,68,1687,52618,10334,9167,4479,19783,16028.0,114164
11,2022,4,La Rioja,18,595,2531,3010,24435,5029,50644,0.0,86262
12,2022,4,Mendoza,103,2954,35541,20355,35935,14909,161163,21144.0,292104
13,2022,4,Misiones,51,3510,35622,21373,12196,3182,101745,8590.0,186269
14,2022,4,Neuquén,168,994,38814,13960,13008,5739,85247,2250.0,160180
15,2022,4,Río Negro,111,1081,32053,13931,20442,7335,57495,29644.0,162092
16,2022,4,Salta,114,1197,31530,71105,5036,117,90014,6747.0,205860
17,2022,4,San Juan,24,2027,30069,11247,20440,8188,19991,11840.0,103826
18,2022,4,San Luis,60,624,11785,24684,13981,78506,2227,3353.0,135220
19,2022,4,Santa Cruz,51,6810,11616,11509,10374,3236,5559,1048.0,50203
20,2022,4,Santa Fe,468,9374,115767,194420,73345,22899,453078,18340.0,887691
21,2022,4,Santiago Del Estero,178,1267,26183,58136,17735,661,14345,989.0,119494
22,2022,4,Tierra Del Fuego,22,902,11649,13634,21365,3612,1812,2264.0,55260
23,2022,4,Tucumán,39,1562,29996,35425,26369,1375,153538,15118.0,263422
24,2022,3,Buenos Aires,29985,27709,290315,297915,267044,124190,3618689,65821.0,4721668
25,2022,3,Capital Federal,517,5742,34371,67829,51946,28692,1253105,105477.0,1547679
26,2022,3,Catamarca,71,384,3107,5389,5099,3737,50298,2208.0,70293
27,2022,3,Chaco,461,987,16782,18938,8049,15828,79390,3711.0,144146
28,2022,3,Chubut,109,1444,45707,30940,34682,15309,17563,20024.0,165778
29,2022,3,Córdoba,99,11312,153324,111615,70989,27112,650344,13873.0,1038668
30,2022,3,Corrientes,67,3865,23427,23948,7776,21706,56950,7107.0,144846
31,2022,3,Entre Ríos,107,5549,47210,46855,18263,32021,102195,16759.0,268959
32,2022,3,Formosa,97,307,23538,19545,6194,564,17704,589.0,68538
33,2022,3,Jujuy,58,1879,19135,15254,36083,519,45895,0.0,118823
34,2022,3,La Pampa,68,1887,61540,9653,11592,5609,22731,3012.0,116092
35,2022,3,La Rioja,18,689,2842,3375,24219,5331,50390,0.0,86864
36,2022,3,Mendoza,103,2953,44232,21977,48201,17243,150043,4771.0,289523
37,2022,3,Misiones,51,3749,36628,20758,12676,19615,80330,8350.0,182157
38,2022,3,Neuquén,134,991,38485,14080,9200,6700,78713,14858.0,163161
39,2022,3,Río Negro,111,1221,32936,17860,27934,13629,42596,24271.0,160558
40,2022,3,Salta,114,1490,32923,71199,5662,1001,85661,6491.0,204541
41,2022,3,San Juan,24,2027,30324,11247,22157,6780,19221,11619.0,103399
42,2022,3,San Luis,60,307,6563,20813,12061,67438,13,14815.0,122070
43,2022,3,Santa Cruz,52,6841,12342,11313,11378,2333,4604,647.0,49510
44,2022,3,Santa Fe,468,11132,132709,198588,70897,57455,396352,20209.0,887810
45,2022,3,Santiago Del Estero,178,1384,28357,58982,16087,910,12342,792.0,119032
46,2022,3,Tierra Del Fuego,22,831,12002,14815,20102,1752,1021,3351.0,53896
47,2022,3,Tucumán,39,2047,32571,39018,25214,4348,159600,280.0,263117
48,2022,2,Buenos Aires,30639,28323,295238,307554,273954,129869,3535757,65849.0,4667183
49,2022,2,Capital Federal,517,5980,36036,72434,55372,31571,1229254,105607.0,1536771
50,2022,2,Catamarca,71,413,3678,6155,7165,3393,43926,2207.0,67008
51,2022,2,Chaco,461,1047,17603,20109,8391,15974,76271,3708.0,143564
52,2022,2,Chubut,109,1444,45804,31217,34290,14526,15394,20021.0,162805
53,2022,2,Córdoba,99,11971,160486,120485,71923,28645,619400,13426.0,1026435
54,2022,2,Corrientes,67,3937,24253,24842,8001,21719,55071,7107.0,144997
55,2022,2,Entre Ríos,107,5656,48637,48557,18512,32355,98769,16759.0,269352
56,2022,2,Formosa,97,407,23834,19706,6330,591,16326,590.0,67881
57,2022,2,Jujuy,58,1829,19458,15790,37786,549,37391,2453.0,115314
58,2022,2,La Pampa,68,1887,62546,9842,11800,5247,17125,3012.0,111527
59,2022,2,La Rioja,18,728,3179,3890,23814,5481,48920,0.0,86030
60,2022,2,Mendoza,103,2954,44961,22557,64138,19543,121366,3940.0,279562
61,2022,2,Misiones,51,3808,37254,21712,12774,19757,75107,8350.0,178813
62,2022,2,Neuquén,134,999,38826,15066,9205,2039,76982,18717.0,161968
63,2022,2,Río Negro,111,1227,33364,17938,27168,13714,41972,24270.0,159764
64,2022,2,Salta,114,1530,33732,72661,6012,1156,81478,6494.0,203177
65,2022,2,San Juan,24,2027,30385,11276,24649,3728,16701,11617.0,100407
66,2022,2,San Luis,60,306,6840,21217,11052,67438,13,14815.0,121741
67,2022,2,Santa Cruz,52,6841,12348,11369,11885,2454,3592,644.0,49185
68,2022,2,Santa Fe,468,11757,138534,204381,74133,58114,373888,17584.0,878859
69,2022,2,Santiago Del Estero,178,1401,29581,59931,14606,883,10672,792.0,118044
70,2022,2,Tierra Del Fuego,22,831,12052,14828,19968,1712,1006,3351.0,53770
71,2022,2,Tucumán,39,2195,34461,43513,23634,4863,145541,281.0,254527
72,2022,1,Buenos Aires,31591,30056,313382,321756,290127,161183,3381049,26280.0,4555424
73,2022,1,Capital Federal,527,5575,39918,77390,61053,43289,1188072,1717.0,1417541
74,2022,1,Catamarca,71,456,4386,7009,8773,3761,35715,2207.0,62378
75,2022,1,Chaco,461,1099,16888,21235,20898,13012,62946,7580.0,144119
76,2022,1,Chubut,113,1677,61369,31856,33080,13871,14055,15607.0,171628
77,2022,1,Córdoba,100,12782,165922,126009,73967,34892,577027,13104.0,1003803
78,2022,1,Corrientes,67,4029,24563,25665,27077,10452,43631,7094.0,142578
79,2022,1,Entre Ríos,107,5745,50075,49620,42294,21578,81757,16750.0,267926
80,2022,1,Formosa,97,448,24113,6945,6613,716,15028,588.0,54548
81,2022,1,Jujuy,58,1761,22141,16321,37923,576,35287,2442.0,116509
82,2022,1,La Pampa,301,2223,62812,9869,12044,5250,14400,2833.0,109732
83,2022,1,La Rioja,18,778,3576,4692,23624,5645,45970,0.0,84303
84,2022,1,Mendoza,114,3355,51230,26407,74178,21566,95048,3287.0,275185
85,2022,1,Misiones,51,3873,35655,22261,26855,15854,58610,8349.0,171508
86,2022,1,Neuquén,137,1123,39856,15623,11163,2654,71238,7885.0,149679
87,2022,1,Río Negro,116,1383,35565,18859,26926,14144,37729,22652.0,157374
88,2022,1,Salta,114,1725,35576,68246,6313,2214,76838,6489.0,197515
89,2022,1,San Juan,26,2269,32356,11914,25144,2088,11916,2465.0,88178
90,2022,1,San Luis,61,643,8287,3837,9802,68612,13,28589.0,119844
91,2022,1,Santa Cruz,51,6898,12710,11502,12277,2628,2551,485.0,49102
92,2022,1,Santa Fe,468,12435,143796,208361,84787,58018,344170,18444.0,870479
93,2022,1,Santiago Del Estero,178,1401,30220,61170,13542,849,8309,792.0,116461
94,2022,1,Tierra Del Fuego,24,894,12849,15640,18034,1767,982,2421.0,52611
95,2022,1,Tucumán,39,2212,36028,46961,21014,5211,133846,273.0,245584
96,2021,4,Buenos Aires,37821,11026,352950,331292,297296,196021,3259793,22958.0,4509157
97,2021,4,Capital Federal,563,1695,47133,81899,66135,66755,1147939,0.0,1412119
98,2021,4,Catamarca,71,0,6038,7855,9804,3262,29827,2233.0,59090
99,2021,4,Chaco,461,112,18845,22678,21937,13692,58435,7585.0,143745
100,2021,4,Chubut,126,1294,63698,39568,31175,5780,2904,15763.0,160308
101,2021,4,Córdoba,100,2479,184548,130892,76246,41198,538700,12607.0,986770
102,2021,4,Corrientes,67,645,28830,26368,22922,10087,39911,7082.0,135912
103,2021,4,Entre Ríos,107,3024,56043,49636,38295,24068,77290,16583.0,265046
104,2021,4,Formosa,84,0,22908,6983,6811,1135,13775,1967.0,53663
105,2021,4,Jujuy,58,175,22446,16793,38134,564,33421,2324.0,113915
106,2021,4,La Pampa,301,493,64840,9082,12259,4821,12184,3027.0,107007
107,2021,4,La Rioja,18,1,5018,5437,23559,5671,43424,0.0,83128
108,2021,4,Mendoza,156,1463,66428,30308,75214,18621,75031,366.0,267587
109,2021,4,Misiones,51,5,41916,23554,26721,15954,54596,8335.0,171132
110,2021,4,Neuquén,140,940,42313,13264,10515,3310,69217,7767.0,147466
111,2021,4,Río Negro,156,1174,38373,19878,31255,4130,36142,22645.0,153753
112,2021,4,Salta,114,20,40673,69324,6642,3535,72622,6475.0,199405
113,2021,4,San Juan,44,1442,28906,10955,23978,398,9800,4435.0,79958
114,2021,4,San Luis,62,264,8550,4276,9107,67363,9,29218.0,118849
115,2021,4,Santa Cruz,52,297,20305,11641,13054,1770,876,491.0,48486
116,2021,4,Santa Fe,467,581,169706,206856,85690,62349,322015,18777.0,866441
117,2021,4,Santiago Del Estero,178,909,31915,61524,12205,800,7537,793.0,115861
118,2021,4,Tierra Del Fuego,26,385,13505,16534,16562,1748,1017,2580.0,52357
119,2021,4,Tucumán,39,97,37321,48736,21023,5326,125857,240.0,238639
120,2021,3,Buenos Aires,37193,31149,1108940,248153,141383,192797,2482266,9728.0,4251609
121,2021,3,Capital Federal,295,603,156978,67013,39785,73502,1075229,0.0,1413405
122,2021,3,Catamarca,71,0,6755,8428,10517,1659,26618,2206.0,56254
123,2021,3,Chaco,301,112,22545,20986,23852,14412,49705,7958.0,139871
124,2021,3,Chubut,104,105,89168,26281,18538,5320,1643,14907.0,156066
125,2021,3,Córdoba,99,2452,204989,141285,65050,47198,476459,9256.0,946788
126,2021,3,Corrientes,67,645,29629,28478,24792,9687,35468,5053.0,133819
127,2021,3,Entre Ríos,107,3024,61354,59776,39114,16284,67961,12755.0,260375
128,2021,3,Formosa,381,0,22778,7142,6978,1192,12707,1617.0,52795
129,2021,3,Jujuy,48,175,23884,16417,37755,561,29917,2401.0,111158
130,2021,3,La Pampa,298,313,65063,7395,8737,4023,10506,4152.0,100487
131,2021,3,La Rioja,18,1,5366,5979,23315,4868,42613,0.0,82160
132,2021,3,Mendoza,36,31,151871,12640,62628,7596,21087,50.0,255939
133,2021,3,Misiones,51,5,41932,25099,26079,14792,42291,8279.0,158528
134,2021,3,Neuquén,112,327,57441,8566,6234,3631,57919,5579.0,139809
135,2021,3,Río Negro,125,557,68991,3730,14880,2282,34011,20009.0,144585
136,2021,3,Salta,101,20,41431,70104,6962,3878,67010,6327.0,195833
137,2021,3,San Juan,18,333,59873,752,13250,338,278,4641.0,79483
138,2021,3,San Luis,60,0,11552,2405,6491,67942,22,29392.0,117864
139,2021,3,Santa Cruz,50,0,30561,8365,6799,1788,678,735.0,48976
140,2021,3,Santa Fe,467,579,193207,201250,83941,55080,290793,16267.0,841584
141,2021,3,Santiago Del Estero,123,909,32752,61838,11274,801,6863,898.0,115458
142,2021,3,Tierra Del Fuego,17,0,23723,13397,9782,1433,976,895.0,50223
143,2021,3,Tucumán,32,97,39446,50293,21986,5300,115154,164.0,232472
144,2021,2,Buenos Aires,37192,31178,1096049,244001,140322,236897,2337604,9108.0,4132351
145,2021,2,Capital Federal,294,603,157558,73568,43859,86655,1037752,66.0,1400355
146,2021,2,Catamarca,71,0,7219,9091,6828,4941,25388,2206.0,55744
147,2021,2,Chaco,301,112,23444,21574,24032,16069,47239,7958.0,140729
148,2021,2,Chubut,104,105,89639,22605,16604,3896,1112,5172.0,139237
149,2021,2,Córdoba,99,2452,201757,136516,66950,70824,442357,9925.0,930880
150,2021,2,Corrientes,67,645,29419,27037,24524,10059,32697,5053.0,129501
151,2021,2,Entre Ríos,107,3024,63518,55349,39468,18484,61605,16077.0,257632
152,2021,2,Formosa,381,0,22364,7310,7460,1341,11077,1618.0,51551
153,2021,2,Jujuy,48,175,24182,16577,37908,607,29950,2401.0,111848
154,2021,2,La Pampa,298,554,64146,7769,8128,3399,9311,4062.0,97667
155,2021,2,La Rioja,18,1,5312,5971,23298,4825,42158,19.0,81602
156,2021,2,Mendoza,36,31,137462,10886,56117,4403,20686,50.0,229671
157,2021,2,Misiones,51,5,41643,25907,25811,16172,38308,8279.0,156176
158,2021,2,Neuquén,112,327,57713,8631,5871,5943,54008,5645.0,138250
159,2021,2,Río Negro,125,557,69356,3663,15019,3867,31488,20009.0,144084
160,2021,2,Salta,101,20,42543,67012,7099,9654,58882,6328.0,191639
161,2021,2,San Juan,18,333,59989,784,12550,340,278,4641.0,78933
162,2021,2,San Luis,60,0,11752,2703,5418,65946,22,36917.0,122818
163,2021,2,Santa Cruz,50,0,30595,8463,6888,1575,676,735.0,48982
164,2021,2,Santa Fe,467,896,202018,204077,80452,75195,262124,15371.0,840600
165,2021,2,Santiago Del Estero,123,909,32034,62224,10359,811,6064,1566.0,114090
166,2021,2,Tierra Del Fuego,17,0,21335,6913,4580,476,889,1483.0,35693
167,2021,2,Tucumán,32,97,40224,51648,23732,5022,109616,2680.0,233051
168,2021,1,Buenos Aires,36939,31187,1108368,240520,163747,222061,2246313,10867.0,4060002
169,2021,1,Capital Federal,135,244,159662,76753,56457,83255,1003041,126.0,1379673
170,2021,1,Catamarca,71,0,7423,8455,10115,712,22996,2196.0,51968
171,2021,1,Chaco,301,112,24357,22102,27556,14496,42462,8384.0,139770
172,2021,1,Chubut,106,109,86986,21401,15392,2844,1112,4390.0,132340
173,2021,1,Córdoba,93,2386,211799,135092,74659,71984,402191,12677.0,910881
174,2021,1,Corrientes,67,527,31544,26223,26169,9001,27641,5453.0,126625
175,2021,1,Entre Ríos,105,2911,67255,56060,42432,15774,54600,12826.0,251963
176,2021,1,Formosa,56,0,22409,7569,7916,1215,9579,1942.0,50686
177,2021,1,Jujuy,49,175,23735,17293,40649,568,25609,2378.0,110456
178,2021,1,La Pampa,298,554,68200,7864,7611,2786,7368,2424.0,97105
179,2021,1,La Rioja,18,1,36749,5968,4604,215,5074,-1.0,52628
180,2021,1,Mendoza,28,40,134386,11216,52533,4061,16615,44.0,218923
181,2021,1,Misiones,51,524,40949,25503,27101,14050,32953,8256.0,149387
182,2021,1,Neuquén,116,327,56171,8443,5903,5677,50840,5758.0,133235
183,2021,1,Río Negro,125,466,70011,4187,13045,3642,29589,20103.0,141168
184,2021,1,Salta,109,20,40785,68149,9164,8139,54889,6319.0,187574
185,2021,1,San Juan,25,194,60439,858,11494,340,276,4641.0,78267
186,2021,1,San Luis,58,0,11889,2926,4429,62913,22,36917.0,119154
187,2021,1,Santa Cruz,50,0,30655,8334,6987,1337,647,-1945.0,46065
188,2021,1,Santa Fe,518,891,201632,204458,91846,65476,236924,24382.0,826127
189,2021,1,Santiago Del Estero,123,909,33884,58464,8549,700,4868,4144.0,111641
190,2021,1,Tierra Del Fuego,17,0,21379,1468,4317,486,919,11836.0,40422
191,2021,1,Tucumán,29,97,42810,53416,25255,4188,103437,2680.0,231912
192,2020,4,Buenos Aires,36939,31197,1109865,242243,214171,213588,2176242,9016.0,4033261
193,2020,4,Capital Federal,135,244,160210,78123,60208,80269,1000073,268.0,1379530
194,2020,4,Catamarca,71,0,8843,8740,11436,591,20406,2309.0,52396
195,2020,4,Chaco,301,112,24782,22479,26802,15701,40949,7965.0,139091
196,2020,4,Chubut,106,109,88157,21824,12046,2818,1112,4402.0,130574
197,2020,4,Córdoba,119,2386,214963,135262,82221,70013,384169,13568.0,902701
198,2020,4,Corrientes,67,527,31900,26321,25687,9383,26789,4985.0,125659
199,2020,4,Entre Ríos,105,2911,65659,53556,40755,16600,53141,14654.0,247381
200,2020,4,Formosa,56,0,23540,7606,7181,1197,8946,1680.0,50206
201,2020,4,Jujuy,49,182,23772,14379,44930,446,19282,2811.0,105851
202,2020,4,La Pampa,298,554,70184,8124,6562,2396,6257,2520.0,96895
203,2020,4,La Rioja,18,1,36906,6060,4633,181,4979,0.0,52778
204,2020,4,Mendoza,28,40,146312,11172,40396,3378,11557,2570.0,215453
205,2020,4,Misiones,51,524,39988,26078,26445,14810,32264,7001.0,147161
206,2020,4,Neuquén,116,327,56434,8478,5791,5493,50776,5720.0,133135
207,2020,4,Río Negro,125,466,70305,4153,13131,3512,29372,20146.0,141210
208,2020,4,Salta,109,514,41443,68829,15188,8291,46697,6319.0,187390
209,2020,4,San Juan,25,194,61316,740,5126,332,275,4588.0,72596
210,2020,4,San Luis,58,0,14020,3490,2688,62239,22,36918.0,119435
211,2020,4,Santa Cruz,47,0,27173,4382,6634,1033,647,758.0,40674
212,2020,4,Santa Fe,518,891,206372,203793,94246,65145,226246,23602.0,820813
213,2020,4,Santiago Del Estero,123,909,34518,57590,4666,411,4520,3932.0,106669
214,2020,4,Tierra Del Fuego,17,0,21881,6119,3497,488,922,6690.0,39614
215,2020,4,Tucumán,29,97,44095,54334,32155,4105,93594,2680.0,231089
216,2020,3,Buenos Aires,37542,31514,1113823,234710,219772,194248,2085815,19853.0,3937277
217,2020,3,Capital Federal,264,312,162222,85083,68753,78028,977766,247.0,1372675
218,2020,3,Catamarca,63,0,8276,8768,11195,562,18886,2154.0,49904
219,2020,3,Chaco,308,112,24675,21639,27546,13751,38729,7194.0,133954
220,2020,3,Chubut,158,109,87559,22114,12217,2818,1110,3942.0,130027
221,2020,3,Córdoba,168,3064,218599,124833,84236,63823,361021,11728.0,867472
222,2020,3,Corrientes,72,527,35190,23315,25308,8615,25344,5020.0,123391
223,2020,3,Entre Ríos,130,2911,66648,51478,40797,14377,49395,15759.0,241495
224,2020,3,Formosa,391,151,23163,7432,7125,991,8219,1737.0,49209
225,2020,3,Jujuy,55,182,32131,10566,45198,293,15238,3065.0,106728
226,2020,3,La Pampa,293,810,66695,7820,5577,2189,6322,4029.0,93735
227,2020,3,La Rioja,21,1,37105,5955,4660,124,4748,2.0,52616
228,2020,3,Mendoza,58,40,141404,12123,42433,3448,8237,45.0,207788
229,2020,3,Misiones,71,524,39005,24215,25942,13663,30987,8779.0,143186
230,2020,3,Neuquén,218,327,60463,6561,5975,5449,49439,803.0,129235
231,2020,3,Río Negro,114,466,68986,3769,7096,3455,28488,19093.0,131467
232,2020,3,Salta,129,514,32780,64736,15990,7928,43773,14996.0,180846
233,2020,3,San Juan,48,194,65526,711,6529,41,128,4150.0,77327
234,2020,3,San Luis,105,0,12199,3351,2666,61319,8,36917.0,116565
235,2020,3,Santa Cruz,66,0,26888,4015,6730,629,120,833.0,39281
236,2020,3,Santa Fe,568,1241,213353,199381,92095,58797,210562,27001.0,802998
237,2020,3,Santiago Del Estero,133,909,33287,57418,4658,292,3994,4801.0,105492
238,2020,3,Tierra Del Fuego,11,0,22094,5414,3726,481,937,6992.0,39655
239,2020,3,Tucumán,52,97,45913,54610,33126,3246,84195,2637.0,223876
240,2020,2,Buenos Aires,37542,31606,1129236,241336,233132,188995,1894466,21233.0,3777546
241,2020,2,Capital Federal,264,312,166474,94585,79858,80160,935481,687.0,1357821
242,2020,2,Catamarca,63,0,8801,8690,10242,426,16578,3176.0,47976
243,2020,2,Chaco,308,928,24350,21140,29044,12082,33311,6969.0,128132
244,2020,2,Chubut,158,109,69578,22188,10537,1473,614,3999.0,108656
245,2020,2,Córdoba,168,4383,219025,125932,89530,63216,325243,8971.0,836468
246,2020,2,Corrientes,72,527,34242,22845,25844,7898,22418,5020.0,118866
247,2020,2,Entre Ríos,130,3679,66758,50640,42090,12856,43391,14569.0,234113
248,2020,2,Formosa,391,151,23534,7109,6998,961,7475,1313.0,47932
249,2020,2,Jujuy,55,182,30548,10519,26829,209,9417,16557.0,94316
250,2020,2,La Pampa,293,810,71218,7531,3800,1657,3377,1123.0,89809
251,2020,2,La Rioja,21,1,37375,5661,4686,73,4336,2.0,52155
252,2020,2,Mendoza,58,40,142253,12439,35274,3248,5422,2450.0,201184
253,2020,2,Misiones,71,524,39867,23719,26445,12305,28763,8646.0,140340
254,2020,2,Neuquén,218,327,61171,6103,6625,5296,46432,0.0,126172
255,2020,2,Río Negro,114,466,70817,3335,7498,3246,26953,17057.0,129486
256,2020,2,Salta,129,514,41801,64463,16989,7741,39594,6531.0,177762
257,2020,2,San Juan,48,194,59113,917,4908,40,127,4430.0,69777
258,2020,2,San Luis,105,0,11439,3585,1934,60889,8,35992.0,113952
259,2020,2,Santa Cruz,66,0,26938,4166,6541,546,119,493.0,38869
260,2020,2,Santa Fe,568,2061,213054,198772,96575,57236,189473,20193.0,777932
261,2020,2,Santiago Del Estero,133,1779,32557,57709,5178,247,3328,4516.0,105447
262,2020,2,Tierra Del Fuego,11,0,22325,5186,3034,391,796,7446.0,39189
263,2020,2,Tucumán,52,97,49028,54537,34184,2246,74377,2635.0,217156
264,2020,1,Buenos Aires,38215,36802,1122034,236421,247977,205780,1802583,28935.0,3718747
265,2020,1,Capital Federal,264,312,169651,102254,89665,85899,906009,0.0,1354054
266,2020,1,Catamarca,63,0,8838,7543,9558,408,10299,2151.0,38860
267,2020,1,Chaco,308,928,23291,19976,29851,10416,28539,6917.0,120226
268,2020,1,Chubut,158,109,69586,12957,7756,1240,614,4500.0,96920
269,2020,1,Córdoba,142,5128,217229,120188,95827,65733,296875,9802.0,810924
270,2020,1,Corrientes,72,527,33479,21382,26679,7351,19467,4780.0,113737
271,2020,1,Entre Ríos,130,4081,72280,47132,41125,11988,39794,13762.0,230292
272,2020,1,Formosa,1127,342,23761,6500,6564,964,6918,100.0,46276
273,2020,1,Jujuy,55,182,33120,9979,26693,166,7349,16545.0,94089
274,2020,1,La Pampa,293,811,72740,7199,3029,1342,2113,1618.0,89145
275,2020,1,La Rioja,21,1,37209,5158,4640,22,1294,0.0,48345
276,2020,1,Mendoza,58,40,140410,12285,17489,2860,3818,0.0,176960
277,2020,1,Misiones,71,524,36622,21271,26433,11581,26313,10885.0,133700
278,2020,1,Neuquén,218,327,60152,5257,7123,5399,43738,0.0,122214
279,2020,1,Río Negro,114,466,69154,2930,7857,3199,25488,17719.0,126927
280,2020,1,Salta,129,514,38537,63714,17991,8625,34744,6441.0,170695
281,2020,1,San Juan,48,194,59787,1594,1292,40,127,4779.0,67861
282,2020,1,San Luis,105,0,11322,4164,525,58258,5,36075.0,110454
283,2020,1,Santa Cruz,67,11,27447,4993,5169,529,119,0.0,38335
284,2020,1,Santa Fe,696,2994,217553,196826,104560,48448,173823,17656.0,762556
285,2020,1,Santiago Del Estero,133,1779,33086,56884,3737,135,2799,4501.0,103054
286,2020,1,Tierra Del Fuego,11,1,22976,5024,1834,196,518,7046.0,37606
287,2020,1,Tucumán,52,97,49555,50383,31096,1730,67536,0.0,200449
288,2019,4,Buenos Aires,33489,27537,1177446,262297,247106,452570,1465133,20676.0,3686254
289,2019,4,Capital Federal,307,15,177098,110218,110852,205810,753805,0.0,1358105
290,2019,4,Catamarca,63,0,9945,7619,9305,804,7477,3098.0,38311
291,2019,4,Chaco,83,0,25899,18959,30902,13516,21556,6988.0,117903
292,2019,4,Chubut,158,4,69405,12945,7615,1240,614,4121.0,96102
293,2019,4,Córdoba,142,0,232781,118232,109330,114111,221742,10350.0,806688
294,2019,4,Corrientes,72,0,35055,20620,27367,9981,15744,4995.0,113834
295,2019,4,Entre Ríos,47,0,88203,44511,42962,18976,30153,14178.0,239030
296,2019,4,Formosa,1127,191,24606,6319,6788,1766,5671,243.0,46711
297,2019,4,Jujuy,55,0,32920,9632,26764,102,5286,14122.0,88881
298,2019,4,La Pampa,293,313,76747,6900,1951,1287,1342,1566.0,90399
299,2019,4,La Rioja,21,0,37846,5045,4763,22,1305,0.0,49002
300,2019,4,Mendoza,746,9,145139,12955,15237,2165,2628,6901.0,185780
301,2019,4,Misiones,71,0,39664,20840,27305,15626,20799,11508.0,135813
302,2019,4,Neuquén,218,1,57370,4439,7357,12059,35001,0.0,116445
303,2019,4,Río Negro,114,0,71847,2797,8558,6968,19837,17019.0,127140
304,2019,4,Salta,149,1,42159,67656,15369,14170,25821,7120.0,172445
305,2019,4,San Juan,48,1,60626,1594,1292,40,127,1246.0,64974
306,2019,4,San Luis,105,0,11901,4164,525,55216,3,36287.0,108201
307,2019,4,Santa Cruz,67,0,32368,4346,2224,7,8,350.0,39370
308,2019,4,Santa Fe,698,0,230234,190664,113527,70998,135576,27472.0,769169
309,2019,4,Santiago Del Estero,133,908,34911,56309,3756,105,2449,5017.0,103588
310,2019,4,Tierra Del Fuego,11,0,23593,5050,1848,139,1962,7789.0,40392
311,2019,4,Tucumán,55,0,54544,52017,28916,6405,56707,0.0,198644
312,2019,3,Buenos Aires,238920,44648,1432722,222812,260506,483572,1246209,42294.0,3971683
313,2019,3,Capital Federal,104,368,269704,120924,138011,258591,655108,0.0,1442810
314,2019,3,Catamarca,34,43,14449,9285,6333,72,15,2151.0,32382
315,2019,3,Chaco,69,1216,32764,28198,13336,12987,16740,6917.0,112227
316,2019,3,Chubut,74,840,62680,13033,7171,1240,614,4500.0,90152
317,2019,3,Córdoba,83,5824,240151,106651,118486,146247,157546,7353.0,782341
318,2019,3,Corrientes,10,597,42231,29628,10348,10388,12674,4780.0,110656
319,2019,3,Entre Ríos,19,4446,99656,56161,17064,21216,22645,15107.0,236314
320,2019,3,Formosa,1110,349,24943,6049,7117,2262,4443,100.0,46373
321,2019,3,Jujuy,27,885,31722,9240,26835,56,3671,16545.0,88981
322,2019,3,La Pampa,237,3289,75849,5922,1611,1359,941,1618.0,90826
323,2019,3,La Rioja,9,10,38657,4786,4887,22,1307,0.0,49678
324,2019,3,Mendoza,21,1269,206821,2958,10093,1263,349,0.0,222774
325,2019,3,Misiones,47,1928,43530,29375,11256,16107,16650,12206.0,131099
326,2019,3,Neuquén,45,2258,62909,4586,9597,16923,28458,122.0,124898
327,2019,3,Río Negro,47,1234,87435,2348,9779,10176,15505,17719.0,144243
328,2019,3,Salta,49,900,43160,62230,14309,11418,12357,7515.0,151938
329,2019,3,San Juan,22,171,68315,2245,1267,41,128,4779.0,76968
330,2019,3,San Luis,57,100,18643,5113,467,62242,5,36075.0,122702
331,2019,3,Santa Cruz,28,84,31612,4472,1203,27,4,0.0,37430
332,2019,3,Santa Fe,640,8184,242454,193286,107068,84325,97082,19537.0,752576
333,2019,3,Santiago Del Estero,39,1832,35554,55172,3612,86,1836,34501.0,132632
334,2019,3,Tierra Del Fuego,6,14,32133,4692,1756,82,226,9648.0,48557
335,2019,3,Tucumán,16,110,71043,47693,24354,843,20385,0.0,164444
336,2019,2,Buenos Aires,199768,46852,1436259,217785,438663,502275,985767,43438.0,3870807
337,2019,2,Capital Federal,74,1027,281370,124087,239691,296155,475991,0.0,1418395
338,2019,2,Catamarca,34,43,16631,8670,6049,34,10,2151.0,33622
339,2019,2,Chaco,69,1383,38488,26431,16789,15348,9904,1492.0,109904
340,2019,2,Chubut,66,3952,69032,10049,1495,74,165,4500.0,89333
341,2019,2,Córdoba,81,8165,248427,100512,157458,170159,76053,8938.0,769793
342,2019,2,Corrientes,10,3012,40424,27774,13114,11928,7119,6080.0,109461
343,2019,2,Entre Ríos,18,5905,100687,52316,23196,24221,10664,17206.0,234213
344,2019,2,Formosa,1110,349,26512,5399,8384,2639,2258,100.0,46751
345,2019,2,Jujuy,27,940,26233,8441,26700,27,2600,21765.0,86733
346,2019,2,La Pampa,236,3289,75406,5191,1366,1445,629,2661.0,90223
347,2019,2,La Rioja,9,11,39819,4297,4857,13,1298,0.0,50304
348,2019,2,Mendoza,20,2522,205165,2971,10092,1256,234,0.0,222260
349,2019,2,Misiones,47,2226,45769,27385,15408,18882,8129,12206.0,130052
350,2019,2,Neuquén,302,3038,61776,4688,17318,21210,14132,422.0,122886
351,2019,2,Río Negro,384,1354,86366,2201,10291,12407,6907,18519.0,138429
352,2019,2,Salta,49,974,59638,36923,16961,14059,6461,7585.0,142650
353,2019,2,San Juan,22,213,60913,2177,785,7,4,6119.0,70240
354,2019,2,San Luis,57,102,16575,4964,467,57236,5,37977.0,117383
355,2019,2,Santa Cruz,25,84,24861,3806,1202,28,4,0.0,30010
356,2019,2,Santa Fe,321,8427,300124,125176,129741,100131,49865,22323.0,736108
357,2019,2,Santiago Del Estero,39,1832,63268,21362,3741,108,1205,34501.0,126056
358,2019,2,Tierra Del Fuego,6,123,41824,4241,1573,96,32,0.0,47895
359,2019,2,Tucumán,16,157,78891,44296,24291,628,18394,0.0,166673
360,2019,1,Buenos Aires,162513,72296,1429964,202511,576428,576859,705769,6369.0,3732709
361,2019,1,Capital Federal,74,7417,283787,131007,330122,365713,283463,0.0,1401583
362,2019,1,Catamarca,34,1708,18761,6443,5606,29,7,2151.0,34739
363,2019,1,Chaco,69,3801,38719,25632,18965,12393,6368,1035.0,106982
364,2019,1,Chubut,66,3938,71077,6571,787,74,165,0.0,82678
365,2019,1,Córdoba,81,20403,242769,96997,200681,127965,50716,6806.0,746418
366,2019,1,Corrientes,10,6470,38402,26562,15498,9688,5029,0.0,101659
367,2019,1,Entre Ríos,18,9217,107013,50068,28957,18146,7619,12142.0,233180
368,2019,1,Formosa,1110,3023,23085,5301,9027,2099,1654,0.0,45299
369,2019,1,Jujuy,27,2817,30727,7811,4021,30,1141,37162.0,83736
370,2019,1,La Pampa,236,8327,70538,4466,1061,1354,405,698.0,87085
371,2019,1,La Rioja,9,1169,40285,4088,5216,17,869,0.0,51653
372,2019,1,Mendoza,20,1786,205383,2837,5702,111,140,0.0,215979
373,2019,1,Misiones,47,5946,45266,25890,19111,16552,5167,7654.0,125633
374,2019,1,Neuquén,1328,3055,52360,1781,21452,17135,11026,6105.0,114242
375,2019,1,Río Negro,384,1583,84845,2037,13615,9567,5076,3719.0,120826
376,2019,1,Salta,49,4232,59244,36473,22910,10861,2242,1.0,136012
377,2019,1,San Juan,22,229,62380,266,520,3,2,560.0,63982
378,2019,1,San Luis,57,120,21380,53214,345,6,2,23577.0,98701
379,2019,1,Santa Cruz,25,128,21990,2731,702,26,4,0.0,25606
380,2019,1,Santa Fe,333,29350,296798,122959,153212,74575,36502,18591.0,732320
381,2019,1,Santiago Del Estero,39,3372,62895,20691,3959,85,494,0.0,91535
382,2019,1,Tierra Del Fuego,6,131,38851,3623,641,80,29,0.0,43361
383,2019,1,Tucumán,16,5188,82240,42877,26210,847,14839,0.0,172217
384,2018,4,Buenos Aires,134673,73761,1422463,194426,577679,949093,265386,19125.0,3636606
385,2018,4,Capital Federal,74,7388,283281,143309,330496,437662,186810,0.0,1389020
386,2018,4,Catamarca,34,1669,17955,6425,5461,29,7,2003.0,33583
387,2018,4,Chaco,69,3405,36437,25633,18965,12393,6368,0.0,103270
388,2018,4,Chubut,66,3917,66061,6215,531,623,165,1144.0,78722
389,2018,4,Córdoba,81,24102,228475,97277,201639,128053,48809,8903.0,737339
390,2018,4,Corrientes,10,6438,37376,26562,15498,9688,5029,0.0,100601
391,2018,4,Entre Ríos,18,8769,94780,50027,29002,18146,7612,13693.0,222047
392,2018,4,Formosa,1110,3074,22962,5285,9027,2092,1654,0.0,45204
393,2018,4,Jujuy,27,2803,30727,7811,4021,30,1141,43573.0,90133
394,2018,4,La Pampa,241,7727,70508,3661,978,1328,270,923.0,85636
395,2018,4,La Rioja,9,1164,40285,4088,5216,17,869,3.0,51651
396,2018,4,Mendoza,20,1463,197450,2494,4726,19,132,0.0,206304
397,2018,4,Misiones,47,5981,43267,26019,19226,16566,5167,0.0,116273
398,2018,4,Neuquén,1328,3044,52313,1781,21452,17135,11025,6287.0,114365
399,2018,4,Río Negro,384,1225,83412,643,13440,9569,5070,3094.0,116837
400,2018,4,Salta,49,3659,58492,36365,22910,10861,2242,0.0,134578
401,2018,4,San Juan,22,1465,59811,180,312,1,1,606.0,62398
402,2018,4,San Luis,57,109,19164,53183,119,62,2,23635.0,96331
403,2018,4,Santa Cruz,25,115,23107,779,206,1,4,531.0,24768
404,2018,4,Santa Fe,335,31397,276301,121009,152039,74432,36427,28450.0,720390
405,2018,4,Santiago Del Estero,39,3250,61347,20127,3686,77,483,326.0,89335
406,2018,4,Tierra Del Fuego,6,27,29919,6323,9894,24,67,0.0,46260
407,2018,4,Tucumán,16,5244,82089,42766,26111,847,14839,92.0,172004
408,2018,3,Buenos Aires,991,80459,1445733,190805,636090,897964,237248,120464.0,3609754
409,2018,3,Capital Federal,73,8493,287919,147253,370677,415020,165055,0.0,1394490
410,2018,3,Catamarca,34,1994,18475,6358,5320,34,7,2151.0,34373
411,2018,3,Chaco,70,3503,38729,24916,20335,11085,5667,1035.0,105340
412,2018,3,Chubut,67,3951,91096,6162,531,623,164,0.0,102594
413,2018,3,Córdoba,81,24767,224471,96372,221984,109333,39854,6490.0,723352
414,2018,3,Corrientes,11,6754,38364,24953,16601,8357,4419,0.0,99459
415,2018,3,Entre Ríos,18,9048,96095,45651,31353,15111,6786,0.0,204062
416,2018,3,Formosa,1110,3365,22624,5259,9336,1729,1434,0.0,44857
417,2018,3,Jujuy,345,3020,29048,7756,4066,39,623,0.0,44897
418,2018,3,La Pampa,242,8417,68507,3153,920,1189,216,698.0,83342
419,2018,3,La Rioja,9,1291,40647,4138,5425,20,339,0.0,51869
420,2018,3,Mendoza,20,1525,199297,2476,4727,27,129,0.0,208201
421,2018,3,Misiones,48,5749,39617,24747,21212,14674,4547,0.0,110594
422,2018,3,Neuquén,1396,2244,55822,1647,23785,15218,9718,6105.0,115935
423,2018,3,Río Negro,409,5221,75929,512,14912,8470,4332,3719.0,113504
424,2018,3,Salta,116,3721,61795,32782,25582,9224,502,0.0,133722
425,2018,3,San Juan,22,1326,62525,180,312,3,1,0.0,64369
426,2018,3,San Luis,57,109,19170,52940,119,63,2,1902.0,74362
427,2018,3,Santa Cruz,26,116,32815,778,206,1,3,0.0,33945
428,2018,3,Santa Fe,467,36786,269211,115907,162545,62479,31266,13911.0,692572
429,2018,3,Santiago Del Estero,41,2550,60260,19116,3806,64,265,0.0,86102
430,2018,3,Tierra Del Fuego,6,187,41569,2270,231,24,13,0.0,44300
431,2018,3,Tucumán,16,5993,81559,43282,27062,941,12187,0.0,171040
432,2018,2,Buenos Aires,1009,81354,1459443,295457,816056,536049,199589,113357.0,3502314
433,2018,2,Capital Federal,73,9234,290291,219166,445345,264805,142253,0.0,1371167
434,2018,2,Catamarca,34,2414,14624,6112,4347,36,6,6500.0,34073
435,2018,2,Chaco,70,2968,34167,24282,21887,9251,4630,1035.0,98290
436,2018,2,Chubut,67,4471,85598,5369,4,5,9,5010.0,100533
437,2018,2,Córdoba,81,21779,219630,102596,244291,78852,34950,8110.0,710289
438,2018,2,Corrientes,11,7047,38268,24066,17926,6780,3862,0.0,97960
439,2018,2,Entre Ríos,18,8179,94459,44570,34281,12012,5920,0.0,199439
440,2018,2,Formosa,1110,3568,22409,5176,9727,1313,1243,0.0,44546
441,2018,2,Jujuy,345,3320,29319,8083,3977,44,7,0.0,45095
442,2018,2,La Pampa,244,8797,68083,2409,965,969,179,698.0,82344
443,2018,2,La Rioja,9,1384,40679,4198,5640,20,15,0.0,51945
444,2018,2,Mendoza,20,1658,164596,515,266,17,72,33788.0,200932
445,2018,2,Misiones,48,6092,39489,23569,23747,11888,3866,0.0,108699
446,2018,2,Neuquén,1396,2408,56035,1314,26417,12442,8551,6105.0,114668
447,2018,2,Río Negro,409,5298,75056,523,16480,6663,3725,3975.0,112129
448,2018,2,Salta,116,3990,61763,33285,28431,7239,182,0.0,135006
449,2018,2,San Juan,22,1378,57591,11,0,3,0,5068.0,64073
450,2018,2,San Luis,57,101,11992,11,0,7,2,9284.0,21454
451,2018,2,Santa Cruz,26,120,28600,655,100,1,3,4267.0,33772
452,2018,2,Santa Fe,744,34267,262603,112143,175540,50525,26512,22257.0,684591
453,2018,2,Santiago Del Estero,41,2717,41362,18721,3278,31,31,17589.0,83770
454,2018,2,Tierra Del Fuego,6,188,40912,2217,75,0,0,107.0,43505
455,2018,2,Tucumán,16,6735,79899,44968,27059,1084,8784,1305.0,169850
456,2018,1,Buenos Aires,1514,74766,1445752,292732,886678,480237,184203,105818.0,3471700
457,2018,1,Capital Federal,89,10039,292566,222737,487826,227953,127384,0.0,1368594
458,2018,1,Catamarca,34,2896,14770,6145,3539,41,4,6500.0,33929
459,2018,1,Chaco,70,3261,32516,24488,23296,8219,3897,1035.0,96782
460,2018,1,Chubut,67,4314,83161,5358,4,5,9,5010.0,97928
461,2018,1,Córdoba,281,23922,222815,104300,266259,57137,29228,10049.0,713991
462,2018,1,Corrientes,11,5005,37152,24038,19068,5890,3256,0.0,94420
463,2018,1,Entre Ríos,18,8861,90080,45599,37401,9818,5071,0.0,196848
464,2018,1,Formosa,1110,3803,10092,5117,10061,1091,1046,0.0,32320
465,2018,1,Jujuy,345,4807,27219,8044,3925,49,4,0.0,44393
466,2018,1,La Pampa,245,8119,67104,1616,1076,614,98,3503.0,82375
467,2018,1,La Rioja,9,1485,40680,4217,5831,19,1,0.0,52242
468,2018,1,Mendoza,20,1662,164599,501,266,19,72,33788.0,200927
469,2018,1,Misiones,48,4700,35820,23291,26223,10241,3219,0.0,103542
470,2018,1,Neuquén,1396,2367,59468,1311,29012,9709,7378,6105.0,116746
471,2018,1,Río Negro,409,5333,74894,530,17997,4972,3129,3975.0,111239
472,2018,1,Salta,116,4459,60334,33088,30771,5145,88,0.0,134001
473,2018,1,San Juan,22,1058,57078,11,0,3,0,5068.0,63240
474,2018,1,San Luis,57,101,11920,11,0,7,2,9284.0,21382
475,2018,1,Santa Cruz,26,120,28600,655,100,1,3,4267.0,33772
476,2018,1,Santa Fe,1359,33639,262008,108576,188900,39589,22801,23181.0,680053
477,2018,1,Santiago Del Estero,41,2910,41298,18914,3449,33,2,17589.0,84236
478,2018,1,Tierra Del Fuego,6,307,33987,2,0,0,0,107.0,34409
479,2018,1,Tucumán,16,7472,78811,45675,26405,1218,7082,1305.0,167984
480,2017,4,Buenos Aires,3865,55046,1551194,264645,712513,335140,151747,114182.0,3188332
481,2017,4,Capital Federal,314,31411,517018,284040,458120,178396,114939,0.0,1584238
482,2017,4,Catamarca,34,3182,15315,5904,2927,43,2,2151.0,29558
483,2017,4,Chaco,70,3432,37144,24088,20123,7290,3289,1035.0,96471
484,2017,4,Chubut,67,4313,83676,5355,7,5,9,0.0,93432
485,2017,4,Córdoba,291,25411,280837,102892,217602,40898,24251,8429.0,700611
486,2017,4,Corrientes,11,5220,41080,23686,16046,5053,2675,0.0,93771
487,2017,4,Entre Ríos,1685,9078,95466,45189,30010,7958,4113,0.0,193499
488,2017,4,Formosa,1110,4061,13220,4867,6996,977,824,0.0,32055
489,2017,4,Jujuy,345,5364,26566,7721,3507,44,3,0.0,43550
490,2017,4,La Pampa,310,8729,66053,1227,792,391,81,3503.0,81086
491,2017,4,La Rioja,9,1488,40777,4083,5813,22,3,0.0,52195
492,2017,4,Mendoza,26,1656,177646,438,278,29,81,0.0,180154
493,2017,4,Misiones,1053,3900,41723,23131,22262,9091,2735,0.0,103895
494,2017,4,Neuquén,1396,2372,68036,1325,22781,7528,6300,6105.0,115843
495,2017,4,Río Negro,409,5598,81078,485,12502,3447,2440,3719.0,109678
496,2017,4,Salta,636,4275,73284,32842,18968,3559,84,0.0,133648
497,2017,4,San Juan,22,1062,57525,9,0,2,2,0.0,58622
498,2017,4,San Luis,59,101,12822,8,0,1,7,1902.0,14900
499,2017,4,Santa Cruz,68,78,29073,655,100,1,3,0.0,29978
500,2017,4,Santa Fe,3109,34132,309998,108939,151329,30736,19602,14119.0,671964
501,2017,4,Santiago Del Estero,41,3091,43544,18773,3359,32,2,0.0,68842
502,2017,4,Tierra Del Fuego,6,310,31334,2,0,0,0,0.0,31652
503,2017,4,Tucumán,105,8164,78750,45241,24318,1303,4367,0.0,162248
504,2017,3,Buenos Aires,6577,51411,1733479,311652,676137,140812,108400,0.0,3028468
505,2017,3,Capital Federal,283,33924,590689,311411,426300,120675,91917,0.0,1575199
506,2017,3,Catamarca,52,3204,15383,5758,2563,50,1,0.0,27011
507,2017,3,Chaco,95,3496,40059,23008,20307,3827,2004,0.0,92796
508,2017,3,Chubut,436,3989,71843,2336,3,0,0,0.0,78607
509,2017,3,Córdoba,327,26154,309161,100113,189302,38131,16741,0.0,679929
510,2017,3,Corrientes,24,5629,44305,22785,15576,2635,1607,0.0,92561
511,2017,3,Entre Ríos,1691,7545,98032,42947,29011,3878,2397,0.0,185501
512,2017,3,Formosa,1063,3716,13752,5187,6056,899,459,0.0,31132
513,2017,3,Jujuy,337,5723,26835,7369,2962,41,2,0.0,43269
514,2017,3,La Pampa,343,8244,64794,855,588,327,51,0.0,75202
515,2017,3,La Rioja,16,1497,40882,3899,5604,23,3,0.0,51924
516,2017,3,Mendoza,32,95,158461,115,67,29,19,0.0,158818
517,2017,3,Misiones,1058,4123,42900,22808,23913,3843,1881,0.0,100526
518,2017,3,Neuquén,2036,1457,72532,1034,20213,7067,4937,0.0,109276
519,2017,3,Río Negro,422,5641,83900,306,10116,2965,1659,0.0,105009
520,2017,3,Salta,645,4494,78830,32433,14620,2315,63,0.0,133400
521,2017,3,San Juan,31,1077,57582,1,0,2,2,0.0,58695
522,2017,3,San Luis,63,3,12325,7,0,1,7,0.0,12406
523,2017,3,Santa Cruz,188,23,29102,542,66,33,1,0.0,29955
524,2017,3,Santa Fe,3116,34019,320017,104453,125339,24536,12982,0.0,624462
525,2017,3,Santiago Del Estero,69,3288,40435,18489,3047,30,2,0.0,65360
526,2017,3,Tierra Del Fuego,9,297,33858,0,0,0,0,0.0,34164
527,2017,3,Tucumán,109,8948,83070,45302,20514,1361,655,0.0,159959
528,2017,2,Buenos Aires,7548,47472,1910156,299009,573298,93059,46178,0.0,2976720
529,2017,2,Capital Federal,556,35663,726223,304970,378571,80234,37977,0.0,1564194
530,2017,2,Catamarca,15,3318,15655,5325,2342,47,1,0.0,26703
531,2017,2,Chaco,191,3733,42590,22349,18044,3157,545,0.0,90609
532,2017,2,Chubut,403,4186,73760,1880,0,0,0,0.0,80229
533,2017,2,Córdoba,251,26862,370865,88479,146683,20351,5069,0.0,658560
534,2017,2,Corrientes,15,5912,46483,21776,13043,2218,647,0.0,90094
535,2017,2,Entre Ríos,1680,7944,104422,41800,23524,2604,823,0.0,182797
536,2017,2,Formosa,1486,3419,14787,4795,4583,749,139,0.0,29958
537,2017,2,Jujuy,311,5877,26915,6974,2538,42,1,0.0,42658
538,2017,2,La Pampa,356,8633,59045,558,336,244,21,0.0,69193
539,2017,2,La Rioja,9,1554,9304,3599,1796,24,2,0.0,16288
540,2017,2,Mendoza,109,24,177203,92,50,5,22,0.0,177505
541,2017,2,Misiones,1011,4447,47244,22033,21599,2892,570,0.0,99796
542,2017,2,Neuquén,1542,1395,81272,849,18051,4774,1703,0.0,109586
543,2017,2,Río Negro,973,5606,88085,245,7990,1921,559,0.0,105379
544,2017,2,Salta,594,4719,67576,23185,11333,1068,76,0.0,108551
545,2017,2,San Juan,15,193,58588,0,0,0,4,0.0,58800
546,2017,2,San Luis,8,4,14014,0,0,1,2,0.0,14029
547,2017,2,Santa Cruz,188,24,30913,541,66,33,0,0.0,31765
548,2017,2,Santa Fe,4967,38721,311830,92854,97563,16794,4275,0.0,567004
549,2017,2,Santiago Del Estero,26,3539,20384,6432,2802,16,0,0.0,33199
550,2017,2,Tierra Del Fuego,16,285,35409,0,0,0,0,0.0,35710
551,2017,2,Tucumán,96,9236,83342,42536,17788,1371,21,0.0,154390
552,2017,1,Buenos Aires,6017,83918,2057698,402315,523540,90937,22299,0.0,3186724
553,2017,1,Capital Federal,510,1409,678922,218487,277195,66536,19881,0.0,1262940
554,2017,1,Catamarca,15,3328,15861,4901,2161,49,0,0.0,26315
555,2017,1,Chaco,191,3835,44544,21467,15671,3025,314,0.0,89047
556,2017,1,Chubut,401,4182,73759,1808,0,0,0,0.0,80150
557,2017,1,Córdoba,50,28732,391556,82011,118643,19035,2071,0.0,642098
558,2017,1,Corrientes,15,6040,48149,20586,11468,2044,303,0.0,88605
559,2017,1,Entre Ríos,1680,8080,108379,39146,20562,2254,317,0.0,180418
560,2017,1,Formosa,1535,3538,15473,4446,4058,635,22,0.0,29707
561,2017,1,Jujuy,330,6213,27824,6486,2306,44,0,0.0,43203
562,2017,1,La Pampa,362,9279,57739,331,192,165,11,0.0,68079
563,2017,1,La Rioja,9,1578,9486,3409,1718,22,2,0.0,16224
564,2017,1,Mendoza,106,15,177201,86,50,5,22,0.0,177485
565,2017,1,Misiones,1010,4665,45950,23847,19356,2627,166,0.0,97621
566,2017,1,Neuquén,1547,1418,83813,902,15130,4223,458,0.0,107491
567,2017,1,Río Negro,986,5647,89622,246,6738,1594,200,0.0,105033
568,2017,1,Salta,579,4861,70922,21554,9386,267,74,0.0,107643
569,2017,1,San Juan,8,192,58588,0,0,0,4,0.0,58792
570,2017,1,San Luis,8,4,14014,0,0,1,2,0.0,14029
571,2017,1,Santa Cruz,190,23,31078,474,68,30,0,0.0,31863
572,2017,1,Santa Fe,4966,39463,340418,77152,83008,15775,1831,0.0,562613
573,2017,1,Santiago Del Estero,26,3772,21659,6218,2786,17,0,0.0,34478
574,2017,1,Tierra Del Fuego,16,285,35409,0,0,0,0,0.0,35710
575,2017,1,Tucumán,96,9682,86470,39155,15951,1383,13,0.0,152750
576,2016,4,Buenos Aires,6055,86281,2085605,403575,467398,72348,17279,0.0,3138541
577,2016,4,Capital Federal,517,1477,704324,225723,264582,53506,16756,0.0,1266885
578,2016,4,Catamarca,15,3478,16519,4889,2077,54,0,0.0,27032
579,2016,4,Chaco,191,3983,45634,21323,14887,2586,250,0.0,88854
580,2016,4,Chubut,401,4493,73951,1352,0,0,0,0.0,80197
581,2016,4,Córdoba,50,29380,404645,77966,108368,15458,1606,0.0,637473
582,2016,4,Corrientes,15,6109,48995,20187,10908,1645,234,0.0,88093
583,2016,4,Entre Ríos,1680,8253,110296,38491,19509,1801,280,0.0,180310
584,2016,4,Formosa,1573,3519,15791,4114,3855,649,17,0.0,29518
585,2016,4,Jujuy,303,6225,27778,6143,2134,43,0,0.0,42626
586,2016,4,La Pampa,368,9789,56694,16,335,132,11,0.0,67345
587,2016,4,La Rioja,9,1646,9635,3334,1675,13,3,0.0,16315
588,2016,4,Mendoza,114,16,177194,79,49,5,20,0.0,177477
589,2016,4,Misiones,1010,4783,47454,23433,18371,2215,126,0.0,97392
590,2016,4,Neuquén,1539,1406,84859,792,14153,3073,271,0.0,106093
591,2016,4,Río Negro,998,2953,92967,248,6317,1174,122,0.0,104779
592,2016,4,Salta,577,5027,71636,20787,8611,239,70,0.0,106947
593,2016,4,San Juan,8,220,58608,0,0,0,4,0.0,58840
594,2016,4,San Luis,8,4,14014,0,0,1,2,0.0,14029
595,2016,4,Santa Cruz,189,23,31369,342,80,10,0,0.0,32013
596,2016,4,Santa Fe,4966,40102,349722,74401,77667,13155,1529,0.0,561542
597,2016,4,Santiago Del Estero,26,3925,22246,6178,2664,15,0,0.0,35054
598,2016,4,Tierra Del Fuego,16,285,35409,0,0,0,0,0.0,35710
599,2016,4,Tucumán,96,10021,87994,37721,14389,1400,10,0.0,151631
600,2016,3,Buenos Aires,5856,107945,2148475,393530,399116,52900,13318,0.0,3121140
601,2016,3,Capital Federal,331,995,759028,208249,240856,38341,13886,0.0,1261686
602,2016,3,Catamarca,15,4038,16183,4845,1853,50,0,0.0,26984
603,2016,3,Chaco,190,5227,46821,21193,13746,2022,217,0.0,89416
604,2016,3,Chubut,466,5190,74375,674,0,0,0,0.0,80705
605,2016,3,Córdoba,48,41329,415075,75988,99225,11691,1322,0.0,644678
606,2016,3,Corrientes,15,7425,49471,19956,10006,1263,210,0.0,88346
607,2016,3,Entre Ríos,1768,10657,110844,38665,17737,1307,248,0.0,181226
608,2016,3,Formosa,1723,4277,15581,3964,3658,648,10,0.0,29861
609,2016,3,Jujuy,286,6878,27425,5943,1978,31,0,0.0,42541
610,2016,3,La Pampa,374,10187,55792,15,224,114,11,0.0,66717
611,2016,3,La Rioja,9,2349,9686,3316,1562,11,2,0.0,16935
612,2016,3,Mendoza,37,10,178186,73,48,5,17,0.0,178376
613,2016,3,Misiones,1010,6030,48871,23394,17043,1559,91,0.0,97998
614,2016,3,Neuquén,1531,1527,87404,680,12541,2118,225,0.0,106026
615,2016,3,Río Negro,1007,6026,90689,207,5953,790,99,0.0,104771
616,2016,3,Salta,1107,6922,71214,20229,8099,197,50,0.0,107818
617,2016,3,San Juan,8,245,58577,0,0,0,2,0.0,58832
618,2016,3,San Luis,7,4,14077,0,0,1,2,0.0,14091
619,2016,3,Santa Cruz,189,22,31904,221,52,9,0,0.0,32397
620,2016,3,Santa Fe,3958,49501,360606,72657,69864,10210,1308,0.0,568104
621,2016,3,Santiago Del Estero,26,5097,22747,6216,2497,9,0,0.0,36592
622,2016,3,Tierra Del Fuego,16,285,35080,0,0,0,0,0.0,35381
623,2016,3,Tucumán,127,12247,87970,36518,13150,1288,4,0.0,151304
624,2016,2,Buenos Aires,10786,133385,2250898,335296,334723,31494,11933,0.0,3108515
625,2016,2,Capital Federal,4352,1736,859039,146091,213010,19597,13477,0.0,1257302
626,2016,2,Catamarca,15,5736,14742,4567,1496,47,1,0.0,26604
627,2016,2,Chaco,197,8063,45823,20346,12090,1571,201,0.0,88291
628,2016,2,Chubut,572,5421,73078,775,0,0,0,0.0,79846
629,2016,2,Córdoba,258,57050,437547,71980,82618,8355,1242,0.0,659050
630,2016,2,Corrientes,41,10018,47916,19200,8851,803,191,0.0,87020
631,2016,2,Entre Ríos,4734,16368,115000,36917,15522,849,205,0.0,189595
632,2016,2,Formosa,1675,5401,14370,3569,3218,593,10,0.0,28836
633,2016,2,Jujuy,2561,8292,25301,5589,1750,3,0,0.0,43496
634,2016,2,La Pampa,429,10616,63928,15,119,96,11,0.0,75214
635,2016,2,La Rioja,10,3151,9043,3190,1344,3,5,0.0,16746
636,2016,2,Mendoza,437,30,176922,61,44,5,20,0.0,177519
637,2016,2,Misiones,1973,7899,49586,21385,14820,1073,96,0.0,96832
638,2016,2,Neuquén,1916,1691,88854,583,10241,1285,208,0.0,104778
639,2016,2,Río Negro,1189,6107,92158,194,4877,520,86,0.0,105131
640,2016,2,Salta,2160,10123,70875,18759,7129,140,49,0.0,109235
641,2016,2,San Juan,10,273,57589,0,0,0,4,0.0,57876
642,2016,2,San Luis,12,4,13931,0,0,1,2,0.0,13950
643,2016,2,Santa Cruz,244,26,31995,142,20,0,0,0.0,32427
644,2016,2,Santa Fe,9486,67325,374960,68505,60469,6509,1277,0.0,588531
645,2016,2,Santiago Del Estero,704,6705,22208,5943,2108,1,0,0.0,37669
646,2016,2,Tierra Del Fuego,16,286,38773,0,0,0,0,0.0,39075
647,2016,2,Tucumán,231,18515,83945,33891,11310,1032,2,0.0,148926
648,2016,1,Buenos Aires,7351,97880,2214760,289929,247372,8315,9529,0.0,2875136
649,2016,1,Capital Federal,2310,43686,869048,178665,192644,6577,10838,0.0,1303768
650,2016,1,Catamarca,15,6102,14653,4241,1334,42,1,0.0,26388
651,2016,1,Chaco,194,8755,46304,19388,10587,1238,184,0.0,86650
652,2016,1,Chubut,94,5095,72396,1066,0,0,0,0.0,78651
653,2016,1,Córdoba,148,59484,414452,65763,66455,4143,1039,0.0,611484
654,2016,1,Corrientes,29,10690,47833,18375,7911,526,170,0.0,85534
655,2016,1,Entre Ríos,2864,17749,104137,35104,14057,457,165,0.0,174533
656,2016,1,Formosa,1738,5731,14163,3229,2906,544,5,0.0,28316
657,2016,1,Jujuy,2543,8558,22383,5188,1623,0,0,0.0,40295
658,2016,1,La Pampa,426,11065,52117,15,78,71,11,0.0,63783
659,2016,1,La Rioja,10,3382,9060,2980,1254,2,3,0.0,16691
660,2016,1,Mendoza,235,21,175376,47,43,5,17,0.0,175744
661,2016,1,Misiones,959,8502,50061,19195,13363,779,68,0.0,92927
662,2016,1,Neuquén,1720,1737,86310,479,7893,143,171,0.0,98453
663,2016,1,Río Negro,1171,6105,90038,203,4246,77,81,0.0,101921
664,2016,1,Salta,1119,10765,65646,17748,6643,119,31,0.0,102071
665,2016,1,San Juan,9,309,56447,0,0,0,2,0.0,56767
666,2016,1,San Luis,8,4,13645,0,0,1,2,0.0,13660
667,2016,1,Santa Cruz,168,29,32188,8,0,0,0,0.0,32393
668,2016,1,Santa Fe,6492,71565,353525,64117,51293,3754,1063,0.0,551809
669,2016,1,Santiago Del Estero,703,7219,22805,5769,1898,0,0,0.0,38394
670,2016,1,Tierra Del Fuego,16,285,33003,0,0,0,0,0.0,33304
671,2016,1,Tucumán,106,20092,84008,31490,10046,871,0,0.0,146613
672,2015,4,Buenos Aires,7985,100303,2253197,274560,240188,3835,8180,0.0,2888246
673,2015,4,Capital Federal,2417,46568,916813,172029,198635,3087,10899,0.0,1350450
674,2015,4,Catamarca,15,6513,14484,4106,1313,39,1,0.0,26471
675,2015,4,Chaco,194,9593,46771,18608,10092,1136,159,0.0,86553
676,2015,4,Chubut,625,5774,71881,168,0,0,0,0.0,78448
677,2015,4,Córdoba,148,63746,427471,62989,67151,3336,1088,0.0,625929
678,2015,4,Corrientes,29,11248,48104,17877,7569,456,150,0.0,85433
679,2015,4,Entre Ríos,2865,18883,104224,33989,13668,399,163,0.0,174191
680,2015,4,Formosa,1791,6081,14279,2704,2713,519,4,0.0,28091
681,2015,4,Jujuy,2551,8876,21867,5044,1587,0,0,0.0,39925
682,2015,4,La Pampa,592,12951,48798,16,63,49,10,0.0,62479
683,2015,4,La Rioja,10,3638,9127,2937,1215,2,3,0.0,16932
684,2015,4,Mendoza,241,23,174719,38,41,5,13,0.0,175080
685,2015,4,Misiones,959,9169,51029,17281,13690,675,52,0.0,92855
686,2015,4,Neuquén,1727,2061,89678,455,7934,9,175,0.0,102039
687,2015,4,Río Negro,3282,4473,89062,201,4024,5,75,0.0,101122
688,2015,4,Salta,1122,11387,65677,17139,6507,99,5,0.0,101936
689,2015,4,San Juan,9,386,55761,0,0,0,2,0.0,56158
690,2015,4,San Luis,8,4,13473,0,0,1,2,0.0,13488
691,2015,4,Santa Cruz,188,26,32338,3,0,0,0,0.0,32555
692,2015,4,Santa Fe,6659,75770,361264,60985,51258,3079,1189,0.0,560204
693,2015,4,Santiago Del Estero,703,7836,23074,5669,1856,0,0,0.0,39138
694,2015,4,Tierra Del Fuego,16,285,32662,0,0,0,0,0.0,32963
695,2015,4,Tucumán,107,21800,83887,29942,9507,837,0,0.0,146080
696,2015,3,Buenos Aires,8361,107351,2266948,262564,200491,2642,7720,0.0,2856078
697,2015,3,Capital Federal,2448,49340,942525,159618,175594,2028,10022,0.0,1341574
698,2015,3,Catamarca,15,6871,14206,4143,812,43,1,0.0,26091
699,2015,3,Chaco,240,10353,47131,19016,7498,979,157,0.0,85374
700,2015,3,Chubut,641,5886,71668,167,0,0,0,0.0,78362
701,2015,3,Córdoba,150,68765,429787,61109,59372,2582,1048,0.0,622813
702,2015,3,Corrientes,33,11921,48127,18168,6111,453,146,0.0,84959
703,2015,3,Entre Ríos,2863,20385,103990,34788,9924,384,153,0.0,172487
704,2015,3,Formosa,1862,6521,14354,2791,1842,379,2,0.0,27751
705,2015,3,Jujuy,2549,9278,21588,5169,966,0,0,0.0,39550
706,2015,3,La Pampa,613,13087,47660,9,55,39,10,0.0,61473
707,2015,3,La Rioja,10,3840,9102,2984,832,0,3,0.0,16771
708,2015,3,Mendoza,256,25,173430,45,18,5,13,0.0,173792
709,2015,3,Misiones,958,9809,51234,17367,11654,559,43,0.0,91624
710,2015,3,Neuquén,1733,2124,85044,210,6599,2,155,0.0,95867
711,2015,3,Río Negro,3372,4457,88691,99,3826,1,62,0.0,100508
712,2015,3,Salta,1126,12223,65405,17451,4318,61,5,0.0,100589
713,2015,3,San Juan,9,391,54963,0,0,0,2,0.0,55365
714,2015,3,San Luis,9,4,13286,0,0,1,2,0.0,13302
715,2015,3,Santa Cruz,190,25,32266,2,0,0,0,0.0,32483
716,2015,3,Santa Fe,6767,80817,363177,59531,42021,2320,1133,0.0,555766
717,2015,3,Santiago Del Estero,703,8332,23158,5956,1249,0,0,0.0,39398
718,2015,3,Tierra Del Fuego,15,285,36408,2,0,0,0,0.0,36710
719,2015,3,Tucumán,107,23687,83654,29998,6232,623,0,0.0,144301
720,2015,2,Buenos Aires,8714,137189,2299705,243503,159922,2010,6712,0.0,2857754
721,2015,2,Capital Federal,2493,51799,990112,148569,142976,1482,9258,0.0,1346690
722,2015,2,Catamarca,15,7253,14003,3776,593,37,1,0.0,25678
723,2015,2,Chaco,288,11058,47551,17675,6337,788,149,0.0,83846
724,2015,2,Chubut,656,6032,55791,168,0,0,0,0.0,62647
725,2015,2,Córdoba,156,72695,434717,54993,46415,1956,903,0.0,611835
726,2015,2,Corrientes,34,12542,48015,17184,5039,379,126,0.0,83319
727,2015,2,Entre Ríos,2864,21986,104043,32293,7867,354,136,0.0,169543
728,2015,2,Formosa,1881,6907,14247,2436,1324,257,1,0.0,27053
729,2015,2,Jujuy,2479,9474,20248,4792,730,0,0,0.0,37723
730,2015,2,La Pampa,5737,8182,46235,27,24,25,10,0.0,60240
731,2015,2,La Rioja,10,4082,9093,2680,641,0,3,0.0,16509
732,2015,2,Mendoza,268,26,170451,42,16,5,13,0.0,170821
733,2015,2,Misiones,958,10360,51671,15022,10072,408,33,0.0,88524
734,2015,2,Neuquén,1755,2348,82727,214,5168,2,110,0.0,92324
735,2015,2,Río Negro,3413,4525,87362,97,3240,1,51,0.0,98689
736,2015,2,Salta,1123,13020,64737,16241,3114,29,5,0.0,98269
737,2015,2,San Juan,8,410,51568,0,0,0,2,0.0,51988
738,2015,2,San Luis,9,4,13204,0,0,1,2,0.0,13220
739,2015,2,Santa Cruz,210,25,25519,2,0,0,0,0.0,25756
740,2015,2,Santa Fe,6827,86016,364441,53205,33894,1856,1014,0.0,547253
741,2015,2,Santiago Del Estero,703,8779,23456,5553,888,0,0,0.0,39379
742,2015,2,Tierra Del Fuego,15,285,36073,2,0,0,0,0.0,36375
743,2015,2,Tucumán,107,25178,83462,26966,4502,455,0,0.0,140670
744,2015,1,Buenos Aires,8882,123589,2267852,220070,126958,1561,5700,0.0,2754612
745,2015,1,Capital Federal,2545,59084,1013510,134151,114569,1195,8401,0.0,1333455
746,2015,1,Catamarca,13,7634,13754,3202,517,9,1,0.0,25130
747,2015,1,Chaco,26,12053,47425,15883,5346,489,135,0.0,81357
748,2015,1,Chubut,651,6176,57333,102,0,0,0,0.0,64262
749,2015,1,Córdoba,157,78427,432802,46574,37443,1615,815,0.0,597833
750,2015,1,Corrientes,36,13295,47842,15554,4424,235,98,0.0,81484
751,2015,1,Entre Ríos,2867,23951,104168,28113,6926,274,119,0.0,166418
752,2015,1,Formosa,1891,7336,14413,2024,878,157,1,0.0,26700
753,2015,1,Jujuy,2458,9754,19858,3939,603,0,0,0.0,36612
754,2015,1,La Pampa,6059,8054,45038,26,10,13,10,0.0,59210
755,2015,1,La Rioja,11,4201,9379,2207,533,0,3,0.0,16334
756,2015,1,Mendoza,287,24,169763,38,16,6,11,0.0,170145
757,2015,1,Misiones,958,11136,51906,12387,8543,194,26,0.0,85150
758,2015,1,Neuquén,1895,2577,80787,170,4067,2,76,0.0,89574
759,2015,1,Río Negro,3371,4913,86173,94,2632,2,42,0.0,97227
760,2015,1,Salta,1123,14151,64992,13955,2569,15,5,0.0,96810
761,2015,1,San Juan,8,445,51346,0,0,0,2,0.0,51801
762,2015,1,San Luis,10,8,12720,0,1,0,2,0.0,12741
763,2015,1,Santa Cruz,205,27,26048,2,0,0,0,0.0,26282
764,2015,1,Santa Fe,6883,93096,360964,45270,27597,1542,900,0.0,536252
765,2015,1,Santiago Del Estero,701,9236,23136,4796,748,0,0,0.0,38617
766,2015,1,Tierra Del Fuego,14,609,36319,2,0,0,0,0.0,36944
767,2015,1,Tucumán,107,27143,83895,23061,3722,334,0,0.0,138262
768,2014,4,Buenos Aires,8226,132937,2250445,203620,104322,997,5406,0.0,2705954
769,2014,4,Capital Federal,2698,62896,1038269,123451,95772,890,7997,0.0,1331972
770,2014,4,Catamarca,21,8047,14093,2910,421,0,1,0.0,25493
771,2014,4,Chaco,483,12837,42106,7908,2600,124,2,0.0,66060
772,2014,4,Chubut,1858,6218,60392,70,0,0,0,0.0,68538
773,2014,4,Córdoba,1903,85362,427844,41947,30858,1177,782,0.0,589873
774,2014,4,Corrientes,40,13860,42182,7513,2106,0,9,0.0,65710
775,2014,4,Entre Ríos,2311,27801,88649,18318,3584,1,66,0.0,140730
776,2014,4,Formosa,1947,7830,14058,1852,473,47,1,0.0,26208
777,2014,4,Jujuy,1880,10427,19740,3443,465,0,0,0.0,35955
778,2014,4,La Pampa,6266,6879,36520,26,5,4,10,0.0,49710
779,2014,4,La Rioja,9,4333,9728,1943,386,0,3,0.0,16402
780,2014,4,Mendoza,303,19,169222,36,14,5,12,0.0,169611
781,2014,4,Misiones,547,11840,53093,8731,2952,54,12,0.0,77229
782,2014,4,Neuquén,1731,2744,80938,126,3621,2,66,0.0,89228
783,2014,4,Río Negro,3640,4723,85094,94,2319,4,30,0.0,95904
784,2014,4,Salta,54,16214,63221,12552,1922,0,4,0.0,93967
785,2014,4,San Juan,11,478,51628,0,0,0,2,0.0,52119
786,2014,4,San Luis,9,0,13135,0,0,1,2,0.0,13147
787,2014,4,Santa Cruz,156,1400,24145,1,1,0,0,0.0,25703
788,2014,4,Santa Fe,8707,99962,359293,36718,21098,869,824,0.0,527471
789,2014,4,Santiago Del Estero,1246,8913,24181,4359,602,0,0,0.0,39301
790,2014,4,Tierra Del Fuego,12,283,31489,2,0,0,0,0.0,31786
791,2014,4,Tucumán,17,28746,85091,20631,2733,196,0,0.0,137414
792,2014,3,Buenos Aires,7355,128187,2281524,156693,68947,243,4232,0.0,2647181
793,2014,3,Capital Federal,840,78016,1060145,102170,70907,95,6626,0.0,1318799
794,2014,3,Catamarca,19,8845,13790,1915,111,0,0,0.0,24680
795,2014,3,Chaco,398,14731,41934,5428,1274,5,0,0.0,63770
796,2014,3,Chubut,2013,6281,60771,34,0,0,0,0.0,69099
797,2014,3,Córdoba,660,98992,435692,28992,18888,84,664,0.0,583972
798,2014,3,Corrientes,21,15448,41717,5181,1172,0,0,0.0,63539
799,2014,3,Entre Ríos,1709,29710,91450,12569,1310,0,48,0.0,136796
800,2014,3,Formosa,2001,8323,14202,1324,85,0,0,0.0,25935
801,2014,3,Jujuy,127,10979,20216,2305,82,0,0,0.0,33709
802,2014,3,La Pampa,6458,6645,41009,24,5,4,10,0.0,54155
803,2014,3,La Rioja,10,4785,9720,1337,61,0,0,0.0,15913
804,2014,3,Mendoza,35,0,167763,31,12,13,1,0.0,167855
805,2014,3,Misiones,640,13637,53510,5928,1606,0,1,0.0,75322
806,2014,3,Neuquén,1522,3099,80090,107,2865,10,27,0.0,87720
807,2014,3,Río Negro,3640,5189,86868,87,1944,8,9,0.0,97745
808,2014,3,Salta,732,17481,66026,8314,388,0,0,0.0,92941
809,2014,3,San Juan,8,487,51276,0,0,0,0,0.0,51771
810,2014,3,San Luis,8,0,13029,0,0,3,0,0.0,13040
811,2014,3,Santa Cruz,195,1624,24248,1,1,0,0,0.0,26069
812,2014,3,Santa Fe,8230,112593,357615,23962,12124,38,806,0.0,515368
813,2014,3,Santiago Del Estero,791,9914,23826,2867,142,0,0,0.0,37540
814,2014,3,Tierra Del Fuego,12,336,32348,2,0,0,0,0.0,32698
815,2014,3,Tucumán,6,32716,84668,14101,559,4,0,0.0,132054
816,2014,2,Buenos Aires,6902,162274,2288772,140226,56549,284,4309,0.0,2659316
817,2014,2,Capital Federal,847,81431,1078213,87359,56004,59,6427,0.0,1310340
818,2014,2,Catamarca,19,8844,13794,1915,111,0,0,0.0,24683
819,2014,2,Chaco,412,14854,41530,5418,1085,5,0,0.0,63304
820,2014,2,Chubut,2064,6582,61868,0,0,0,0,0.0,70514
821,2014,2,Córdoba,2105,101598,429536,28698,14824,76,627,0.0,577464
822,2014,2,Corrientes,20,15563,41219,5199,956,0,0,0.0,62957
823,2014,2,Entre Ríos,2187,32781,86757,12564,1162,0,44,0.0,135495
824,2014,2,Formosa,2032,8218,13944,1321,85,0,0,0.0,25600
825,2014,2,Jujuy,1873,11233,18851,2305,82,0,0,0.0,34344
826,2014,2,La Pampa,7032,6761,34089,18,5,4,10,0.0,47919
827,2014,2,La Rioja,10,4785,9719,1337,61,0,0,0.0,15912
828,2014,2,Mendoza,35,6,166710,31,10,5,10,0.0,166807
829,2014,2,Misiones,540,13644,53245,5924,1334,2,0,0.0,74689
830,2014,2,Neuquén,1531,3206,79087,92,2289,2,30,0.0,86237
831,2014,2,Río Negro,3468,5507,84978,78,1569,2,8,0.0,95610
832,2014,2,Salta,53,18818,64440,8293,388,0,0,0.0,91992
833,2014,2,San Juan,10,507,51129,0,0,0,0,0.0,51646
834,2014,2,San Luis,7,0,13045,0,0,1,2,0.0,13055
835,2014,2,Santa Cruz,153,1637,25374,2,0,0,0,0.0,27166
836,2014,2,Santa Fe,8515,115197,353559,23939,10058,34,792,0.0,512094
837,2014,2,Santiago Del Estero,1231,9914,23842,2867,142,0,0,0.0,37996
838,2014,2,Tierra Del Fuego,12,334,31198,2,0,0,0,0.0,31546
839,2014,2,Tucumán,6,32714,84675,14101,559,4,0,0.0,132059
840,2014,1,Buenos Aires,8469,171244,2279875,121787,38923,206,4037,0.0,2624542
841,2014,1,Capital Federal,852,88826,1096050,70293,38798,55,6208,0.0,1301081
842,2014,1,Catamarca,19,9147,13330,1672,64,0,0,0.0,24232
843,2014,1,Chaco,438,15849,40869,4644,741,5,0,0.0,62546
844,2014,1,Chubut,7452,10,61329,0,0,0,0,0.0,68791
845,2014,1,Córdoba,2076,107705,423114,24112,9818,40,588,0.0,567453
846,2014,1,Corrientes,20,16357,40742,4486,630,0,0,0.0,62235
847,2014,1,Entre Ríos,2177,35206,85248,10828,746,0,43,0.0,134248
848,2014,1,Formosa,2062,8475,13685,1133,67,0,0,0.0,25422
849,2014,1,Jujuy,1832,11498,18415,2002,56,0,0,0.0,33803
850,2014,1,La Pampa,7434,6535,32501,17,5,4,10,0.0,46506
851,2014,1,La Rioja,10,5111,9390,1165,35,0,0,0.0,15711
852,2014,1,Mendoza,35,6,166655,19,10,6,9,0.0,166740
853,2014,1,Misiones,545,14460,52852,5139,958,0,0,0.0,73954
854,2014,1,Neuquén,4133,987,77148,84,1582,2,22,0.0,83958
855,2014,1,Río Negro,4670,4618,84304,73,1062,1,8,0.0,94736
856,2014,1,Salta,53,19677,64061,7192,314,0,0,0.0,91297
857,2014,1,San Juan,531,2,51056,0,0,0,0,0.0,51589
858,2014,1,San Luis,7,3,12544,0,1,0,2,0.0,12557
859,2014,1,Santa Cruz,161,1625,24972,1,1,0,0,0.0,26760
860,2014,1,Santa Fe,8456,124468,345225,20328,6845,23,668,0.0,506013
861,2014,1,Santiago Del Estero,1234,10531,22817,2422,109,0,0,0.0,37113
862,2014,1,Tierra Del Fuego,12,607,30902,6,0,0,0,0.0,31527
863,2014,1,Tucumán,6,34672,83210,11779,362,3,0,0.0,130032
